,abstract,date,headline,id,lead_paragraph,section,source,url,word_count
66,There are now three suspected cases in the city. The patients had recently been to China and came down with flulike symptoms.,2020-02-03,Coronavirus in New York: 2 More Possible Cases in City Are Identified,nyt://article/0273ac17-f08e-56d1-9508-e519d4d7e836,"A day after New York City’s health authorities said that a woman was hospitalized with the city’s first suspected case of the new coronavirus, the authorities on Sunday announced that two more patients also might have the virus.",New York,The New York Times,https://www.nytimes.com/2020/02/02/nyregion/coronavirus-new-york-city.html,678
69,A two-week quarantine has left Masako Ishida and hundreds of others dealing with inconveniences and trying to figure out how to pass the time.,2020-02-05,Trapped on a Cruise Ship by the Coronavirus: When Is Breakfast?,nyt://article/8cdf6157-1896-5c7a-afdc-2d5bde293037,"TOKYO — Hidden away in her cabin, Masako Ishida reckons she doesn’t face much risk from the coronavirus that has stalked her cruise ship, forcing an onboard quarantine of 3,700 passengers and crew members in the port city of Yokohama.",World,The New York Times,https://www.nytimes.com/2020/02/05/world/asia/japan-coronavirus-cruise-ship.html,764
63,"With infections doubling every four days and more than 600 deaths, China intensified its response in Wuhan, with house-to-house temperature checks and mass confinements at quarantine centers.",2020-02-06,China Tightens Wuhan Lockdown in ‘Wartime’ Battle With Coronavirus,nyt://article/a2e004f5-7901-5380-8e20-92e61fe91075,"WUHAN, China — The Chinese authorities resorted to increasingly extreme measures in Wuhan on Thursday to try to halt the spread of the deadly coronavirus, ordering house-to-house searches, rounding up the sick and warehousing them in enormous quarantine centers.",World,The New York Times,https://www.nytimes.com/2020/02/06/world/asia/coronavirus-china-wuhan-quarantine.html,1742
64,Dr. Li Wenliang issued a warning about a strange new virus. Then the authorities summoned him for questioning.,2020-02-06,"Chinese Doctor, Silenced After Warning of Outbreak, Dies From Coronavirus",nyt://article/fd9fd7d8-dc0a-5d52-a833-05e279bb5ed6,"WUHAN, China —  He was the doctor who tried to sound a warning that a troubling cluster of viral infections in a Chinese province could grow out of control — and was then summoned for a middle-of-the-night reprimand over his candor.",World,The New York Times,https://www.nytimes.com/2020/02/06/world/asia/chinese-doctor-Li-Wenliang-coronavirus.html,967
65,A factory in western France has become an unlikely outpost to help overcome a severe shortage as supplies dry up in China.,2020-02-06,"As Coronavirus Spreads, Face Mask Makers Go Into Overdrive",nyt://article/8ceead0e-a803-51c9-9616-4fa4fce09c58,"ANGERS, France — The relentless whir of machines echoing across a cavernous French factory floor this week is an unexpected result of the deadly virus that has nearly paralyzed cities in China and other parts of Asia. The company, Kolmi Hopen, happens to make an item that is suddenly one of the world’s hottest commodities: the medical face mask.",Business Day,The New York Times,https://www.nytimes.com/2020/02/06/business/coronavirus-face-masks.html,1332
68,"Evacuees taken to Australia’s Christmas Island, a former detention center for asylum seekers, have been given sunscreen, sandals and shorts. They also have video games.",2020-02-06,What It’s Like to Be Quarantined on an Island Over Coronavirus Fears,nyt://article/806b384b-348c-565f-9143-b9278298284d,Life in an immigration detention center on Australia’s Christmas Island has not been as bad as David Huang feared. It is certainly a far cry from the conditions that thousands of asylum seekers have faced in the country’s offshore detention centers in recent years.,World,The New York Times,https://www.nytimes.com/2020/02/06/world/asia/coronavirus-quarantine-australia.html,692
60,"The doctor, Li Wenliang, had been silenced by the police after warning about the new coronavirus that has killed hundreds in China and sickened thousands.",2020-02-07,Widespread Outcry in China Over Death of Coronavirus Doctor,nyt://article/78fb7adb-9771-54d6-a0fe-06d835e90ae0,"They posted videos of the Les Misérables song “Do You Hear the People Sing.” They invoked article No. 35 of China’s Constitution, which stipulates freedom of speech. They tweeted a phrase from “For Whom the Bell Tolls.”",Business Day,The New York Times,https://www.nytimes.com/2020/02/07/business/china-coronavirus-doctor-death.html,1505
62,The country is scrambling to prevent a larger outbreak even as it prepares for the Tokyo Olympics.,2020-02-07,Jump in Coronavirus Cases on Ship Poses a Critical Test for Japan,nyt://article/70cc7463-0a01-5281-bd94-60767766e1cf,Japan already had several confirmed coronavirus cases when a giant cruise ship arrived at the port of Yokohama last week.,World,The New York Times,https://www.nytimes.com/2020/02/07/world/asia/coronavirus-japan-cruise-ship.html,1170
61,"Xi Jinping has backed out of the spotlight as the country faces its worst crisis in years, reflecting the political risks he faces if efforts to contain the virus fail.",2020-02-08,Where’s Xi? China’s Leader Commands Coronavirus Fight From Safe Heights,nyt://article/b6c0e7f7-f010-5e42-a668-f34410d034fa,"WUHAN, China — President Xi Jinping strode onstage before an adoring audience in the Great Hall of the People in Beijing less than three weeks ago, trumpeting his successes in steering China through a tumultuous year and promising “landmark” progress in 2020.",World,The New York Times,https://www.nytimes.com/2020/02/08/world/asia/xi-coronavirus-china.html,1538
67,The United States has no plans to conduct additional evacuations from China though some Americans are asking for help.,2020-02-08,"First American Dies of Coronavirus, Raising Questions About U.S. Response",nyt://article/50cf32a5-8f09-5093-9cea-1eb8c6548aca,"SHANGHAI — A United States citizen died from the coronavirus in Wuhan, China, American officials said on Saturday. It was the first known American death from the illness, and was likely to add to diplomatic friction over Beijing’s response to the epidemic.",World,The New York Times,https://www.nytimes.com/2020/02/08/world/asia/china-coronavirus-american-dead.html,1295
51,"Germany and other countries were already vulnerable. The longer the Chinese economy remains crippled, the bigger the risk to the rest of the world.",2020-02-11,Coronavirus Shock Could Push Europe Into a Downturn,nyt://article/84432408-f40e-5965-9881-3e37fc1a265a,"FRANKFURT — So far, only scattered cases of the coronavirus have appeared in Europe, but the economic effects are proving harder to quarantine. The shock may be severe enough to push the vulnerable German economy, and perhaps the entire eurozone, into a recession.",Business Day,The New York Times,https://www.nytimes.com/2020/02/11/business/coronavirus-europe-economy-daimler.html,1052
57,China’s health authorities have decided to no longer count as confirmed cases those patients who test positive but don’t show symptoms. Skepticism was immediate.,2020-02-12,How Many Coronavirus Cases in China? Officials Tweak the Answer,nyt://article/036dc6b9-496a-5434-90d7-4974306183b7,"HONG KONG — The news was abrupt and, to some, surprising: Overnight, a Chinese province near Russia, had cut its count of confirmed coronavirus cases by more than a dozen.",World,The New York Times,https://www.nytimes.com/2020/02/12/world/asia/china-coronavirus-cases.html,1049
0,"Confronting a viral epidemic with a scant supply of protective equipment, more than 1,700 Chinese medical workers have already been infected, and six have died.",2020-02-14,"China’s Doctors, Fighting the Coronavirus, Beg for Masks",nyt://article/5f251f16-e2d1-573b-8ec0-5b468da6b27d,"WUHAN, China — In the hospital where Yu Yajie works, nurses, doctors and other medical professionals fighting the new coronavirus have also been fighting dire shortages. They have used tape to patch up battered protective masks, repeatedly reused goggles meant for one-time use, and wrapped their shoes in plastic bags for lack of specialized coverings.",World,The New York Times,https://www.nytimes.com/2020/02/14/world/asia/china-coronavirus-doctors.html,1821
56,"Chinese authorities are using infrared thermometers to screen people for the illness, as the devices have become synonymous with trying to contain deadly outbreaks.",2020-02-14,‘Thermometer Guns’ on Coronavirus Front Lines Are ‘Notoriously Not Accurate’,nyt://article/96060d23-1ac2-5b98-a8f5-5bb97278120b,It has become an iconic image of the coronavirus outbreak in China: a masked official aiming what appears to be a small white pistol at a traveler’s forehead.,Business Day,The New York Times,https://www.nytimes.com/2020/02/14/business/coronavirus-temperature-sensor-guns.html,1213
52,"When Kevin Tang’s American teacher found out he was stuck at home because of coronavirus, she decided to use music to improve his mood.",2020-02-14,Violin Lessons During the Coronavirus Outbreak. A Pupil’s Progress.,nyt://article/e4c5a89b-fe40-5d4c-a37b-9d0ecd9ba653,"Thirty minutes into the violin lesson, Anthea Kreston knew that something was wrong.",World,The New York Times,https://www.nytimes.com/2020/02/14/world/asia/china-coronavirus-chengdu.html,739
8,"Two video bloggers whose dispatches from the heart of the outbreak showed fear, grief and dissatisfaction with the government have gone silent.",2020-02-14,They Documented the Coronavirus Crisis in Wuhan. Then They Vanished.,nyt://article/64c1e462-164f-586d-a7a7-b4d810e41e28,"HONG KONG — The beige van squatted outside of a Wuhan hospital, its side and back doors ajar. Fang Bin, a local clothing salesman, peered inside as he walked past. He groaned: “So many dead.” He counted five, six, seven, eight body bags. “This is too many.”  ",Business Day,The New York Times,https://www.nytimes.com/2020/02/14/business/wuhan-coronavirus-journalists.html,1194
59,"Despite their high-tech tools, the authorities are mainly relying on a flood of workers to keep hundreds of millions of people from coming in contact with outsiders.",2020-02-15,"To Tame Coronavirus, Mao-Style Social Control Blankets China",nyt://article/e410a91b-032d-5d66-9718-d117e2c990d2,"SHANGHAI — China has flooded cities and villages with battalions of neighborhood busybodies, uniformed volunteers and Communist Party representatives to carry out one of the biggest social control campaigns in history.",Business Day,The New York Times,https://www.nytimes.com/2020/02/15/business/china-coronavirus-lockdown.html,1525
9,"Amid assurances that the Westerdam was disease free, hundreds of people disembarked in Cambodia and headed for airports. One was later found to be infected.",2020-02-16,Coronavirus Infection Found After Cruise Ship Passengers Disperse,nyt://article/7ab20ee2-8c32-5ce5-83d1-3a510fc7fcd4,"The cruise ship had been shunned at port after port for fear it might carry the coronavirus, but when the Westerdam arrived in Cambodia on Thursday, the prime minister greeted its passengers with flowers.",World,The New York Times,https://www.nytimes.com/2020/02/16/world/asia/coronavirus-cruise-americans.html,1554
3,"Some factories are firing up again, but with many workers quarantined and parts in short supply, production is limited.",2020-02-17,"Slowed by the Coronavirus, China Inc. Struggles to Reopen",nyt://article/3bdc8612-9959-5568-a02f-e8cdc5c91477,Airbus is slowly restarting its assembly line in China. General Motors began limited production on Saturday. Toyota followed on Monday morning.,Business Day,The New York Times,https://www.nytimes.com/2020/02/17/business/china-coronavirus-economy.html,1562
53,"Scientists have dismissed suggestions that the Chinese government was behind the outbreak, but it’s the kind of tale that gains traction among those who see China as a threat.",2020-02-17,Senator Tom Cotton Repeats Fringe Theory of Coronavirus Origins,nyt://article/7b1f2830-99a6-5951-83dc-c2b099dbcb12,The rumor appeared shortly after the new coronavirus struck China and spread almost as quickly: that the outbreak now afflicting people around the world had been manufactured by the Chinese government.,Business Day,The New York Times,https://www.nytimes.com/2020/02/17/business/media/coronavirus-tom-cotton-china.html,965
54,The likely postponement of the most important spectacle on China’s political calendar reflects the Communist Party’s growing anxiety over the epidemic.,2020-02-17,"Battling Coronavirus, China Signals Delay of Its Top Party Gathering",nyt://article/887dd405-1b7d-542b-bf18-810c5f6f0bb2,"China signaled on Monday that it would postpone its most important political spectacle of the year, a sign of deepening anxiety within the ruling Communist Party about the threat posed by the coronavirus epidemic.",World,The New York Times,https://www.nytimes.com/2020/02/17/world/asia/china-coronavirus-congress-postpone.html,910
1,"The family of Chloe Chang, a Taiwanese woman, is effectively trapped in Hubei Province, and in the middle of a spat between China and Taiwan.",2020-02-17,‘Now We Are Refugees’: A Family in Limbo Amid the Coronavirus Outbreak,nyt://article/2d254e03-af51-50eb-bf59-42182ae7f4bd,"These days, Chloe Chang, a Taiwanese woman stranded at the center of China’s coronavirus outbreak, says she wakes up every half-hour during the night. Sometimes she breaks down in tears.",World,The New York Times,https://www.nytimes.com/2020/02/17/world/asia/china-coronavirus-hubei-taiwan.html,702
55,"Xu Zhiyong, a prominent Chinese legal activist, went silent over the weekend. His girlfriend, Li Qiaochu, a social activist, has gone missing.",2020-02-17,China Detains Activist Who Accused Xi of Coronavirus Cover-Up,nyt://article/b41d4610-0112-56d8-8f1c-9e686fdf3357,"He portrayed China’s leader, Xi Jinping, as hungry for power. He accused Mr. Xi of trying to cover up the coronavirus outbreak in central China. In one of his most daring writings, he urged Mr. Xi to resign, saying, “You’re just not smart enough.”",World,The New York Times,https://www.nytimes.com/2020/02/17/world/asia/coronavirus-china-xu-zhiyong.html,585
58,"The outbreak has exposed the powerlessness of private charities, civic groups and others who could help the effort but whom the Communist Party considers rivals.",2020-02-18,"In Coronavirus Fight, China Sidelines an Ally: Its Own People",nyt://article/b431bec0-79d2-50a6-b1d5-79a6f43999bc,Hospitals in Wuhan and surrounding Hubei Province have been making urgent pleas to the Chinese people for three weeks as the new coronavirus ripples through the country: Send more protective gear.,Business Day,The New York Times,https://www.nytimes.com/2020/02/18/business/china-coronavirus-charity-supplies.html,1475
4,"At a small pharmacy in Hong Kong, part of the job has become calming nervous customers desperate for supplies.",2020-02-18,How a Pharmacy Handles Mask Hoarders and Coronavirus Fears,nyt://article/eacda0f8-605f-54e7-8ecc-241400e4b894,"HONG KONG — “It’s like World War III,” said May Tang, an employee at the Kit Pharm Dispensary Ltd. in Hong Kong. ",World,The New York Times,https://www.nytimes.com/2020/02/18/world/asia/mask-hoarders-coronavirus-pharmacy.html,654
5,"The World Health Organization said China’s drastic limits on people’s movement had helped, but experts cautioned against predicting that the worst was over.",2020-02-18,"Coronavirus Epidemic Keeps Growing, but Spread in China Slows",nyt://article/7272da57-5009-50fa-88b9-590d212463b4,"HONG KONG — Chinese officials hailed recent figures as evidence that the spread of the coronavirus epidemic has slowed, and World Health Organization officials said on Tuesday that China’s strict limits on its people’s movements have helped.",World,The New York Times,https://www.nytimes.com/2020/02/18/world/asia/china-coronavirus-cases.html,1517
7,"But if hard-liners in the U.S. administration were hoping for a united, anti-China message from Washington, that goal has been undermined by President Trump.",2020-02-19,Coronavirus Worsens U.S.-China Ties and Bolsters Hawks in Washington,nyt://article/3781eeb3-9e49-5cb8-b525-88bd4dbe129c,"BEIJING — Tariffs and the trade war. Espionage and Huawei. Hong Kong, Taiwan and the South China Sea.",World,The New York Times,https://www.nytimes.com/2020/02/19/world/asia/us-china-coronavirus.html,1506
2,"Some Chinese business figures are taking an unusual public stand, saying the containment efforts threaten to strangle the economy if applied too broadly.",2020-02-20,"As China Fights the Coronavirus, Some Say It Has Gone Too Far",nyt://article/bcbcade8-3af4-5004-8aae-326695da372a,"SHANGHAI — China’s business leaders know better than to argue with Beijing. Leave the politics to the Communist Party, they long ago concluded, and the government will let them make money in peace.",Business Day,The New York Times,https://www.nytimes.com/2020/02/20/business/economy/china-economy-quarantine.html,1228
6,"The Everything Store, which stocks more than 100 million items, is working to avoid disruptions in its supply chain.",2020-02-20,Clicking Buy on Amazon? It’s Trying to Prevent a Coronavirus Caveat,nyt://article/b43b91ba-e2a3-58fb-bb8a-bbab72e461d0,SEATTLE — What if the Everything Store couldn’t sell everything because of disruptions from the coronavirus?,Business Day,The New York Times,https://www.nytimes.com/2020/02/20/business/amazon-coronavirus-supplies.html,1258
50,"As the country’s infection numbers soar, most cases have been connected to the Shincheonji Church of Jesus, which mainstream churches consider a cult.",2020-02-21,Shadowy Church Is at Center of Coronavirus Outbreak in South Korea,nyt://article/d1dfa3b7-542b-5726-b539-4dd3a96a6060,Read live updates on the coronavirus outbreak here. ,World,The New York Times,https://www.nytimes.com/2020/02/21/world/asia/south-korea-coronavirus-shincheonji.html,1396
70,A surge of risky borrowing by companies around the world leaves the global economy especially exposed to the potential costs of the outbreak.,2020-03-11,Coronavirus May Light Fuse on ‘Unexploded Bomb’ of Corporate Debt,nyt://article/be9bb84b-168e-5574-b53b-51fb39d37600,"LONDON — To grasp why the most important central banks — from the Fed to the Bank of England to the Bank of Japan — are now leaping into action as if the world were on fire, it helps to examine the subject of corporate debt.",Business Day,The New York Times,https://www.nytimes.com/2020/03/11/business/coronavirus-corporate-debt.html,1464
40,"Those with chronic health problems are more likely to develop severe illnesses and to die, research shows.",2020-03-12,Coronavirus Threatens Americans With Underlying Conditions,nyt://article/86bb3c6e-4154-5b70-a952-842dcb6bb63e,"The new coronavirus is a serious threat to the elderly, as federal officials have been at pains to note recently. But they have stepped gingerly around advice for another group of Americans also at special risk from the infection: those with chronic health conditions.",Health,The New York Times,https://www.nytimes.com/2020/03/12/health/coronavirus-midlife-conditions.html,1406
18,Postponements and cancellations continued in an effort to curtail the spread of the virus.,2020-03-12,How the Coronavirus Is Disrupting Sports,nyt://article/08e6ce17-6775-516b-b16a-d16b847b9559,"Sports around the world continued to be disrupted, and even halted, by the spread of the coronavirus.",Sports,The New York Times,https://www.nytimes.com/2020/03/12/sports/coronavirus-sports.html,1887
73,The N.B.A. suspends its season. Colleges move to distance learning. President Trump restricts travel from Europe. What are your thoughts on these and other recent developments?,2020-03-13,What Is Your Reaction to the Latest News About the Coronavirus Outbreak?,nyt://article/04a2ba93-3273-5fde-b201-76cc5b255bc9,"This week, the World Health Organization declared the coronavirus outbreak to be a pandemic. And in the past 48 hours, we have seen a dramatic turn of events in the United States affecting virtually all aspects of our lives, from our schools to the economy, from travel to the world of entertainment.",The Learning Network,The New York Times,https://www.nytimes.com/2020/03/13/learning/what-is-your-reaction-to-the-latest-news-about-the-coronavirus-outbreak.html,1011
77,"The president inaccurately described travel restrictions he had announced, falsely blamed his predecessor for testing shortages and misstated the role Google was playing in mitigating the outbreak.",2020-03-14,Trump’s False Claims About His Response to the Coronavirus,nyt://article/1f3f04a3-67b3-5d21-a985-864e30ab1566,"As he declared a national emergency over the coronavirus outbreak, President Trump attempted to deflect criticisms of his administration’s response to the virus with inaccurate claims. Here’s a fact-check.",U.S.,The New York Times,https://www.nytimes.com/2020/03/13/us/politics/fact-check-trump-coronavirus.html,1282
14,"Scientists are ramping up the breeding of lab mice as well as the testing of primates and other animals, but it all takes time.",2020-03-14,These Lab Animals Will Help Fight Coronavirus,nyt://article/dc90eae3-e3c9-583e-ab77-0c664afc68ce,"Among the many lessons of the coronavirus pandemic is how close humans are to the rest of the animal kingdom. We get diseases from other animals, and then we use more animals to figure out how to stop the diseases. As research ramps up treatments and vaccines, animals are crucial to fighting the pandemic.",Science,The New York Times,https://www.nytimes.com/2020/03/14/science/animals-coronavirus-vaccine.html,1014
79,"Federal officials are asking Americans for extraordinary vigilance against a new pathogen. President Trump has taken a different course, worrying scientists.",2020-03-14,"Trump Is Tested for Coronavirus, and Experts Ask: What Took So Long?",nyt://article/222ad6f0-0943-5ce4-920a-471383eee72d,"After hosting a gathering with guests later found to be infected with the coronavirus, President Trump refrained from getting tested, let alone from self-quarantine, even as administration officials urged Americans to adopt stern new precautions.",Health,The New York Times,https://www.nytimes.com/2020/03/14/health/coronavirus-trump-test.html,1121
46,Empty streets. Shuttered stores. Spain has joined the number of countries struggling to balance public health with freedoms especially prized in a relatively young democracy.,2020-03-15,"Spain, on Lockdown, Weighs Liberties Against Containing Coronavirus",nyt://article/2cd794d0-b1b8-5d55-ad56-124b4be5a7aa,"MADRID — The scene is becoming all too familiar, and now it has gripped Spain: Streets are empty, shops are shuttered, families are cloistered at home and the numbers of those infected with the coronavirus, and those who have died, are growing.",World,The New York Times,https://www.nytimes.com/2020/03/15/world/europe/spain-coronavirus.html,898
43,"The hospitalizations sharpen fears that the nation’s front-line medical workers could be uniquely vulnerable, a health care organization said.",2020-03-15,Two Emergency Room Doctors Are in Critical Condition With Coronavirus,nyt://article/a11ce0c7-f2b7-5637-ba91-d56ec751997b,"SEATTLE — Two emergency medicine doctors, in New Jersey and Washington State, are in critical condition as a result of coronavirus, reinforcing concerns that the nation’s front-line medical workers are becoming especially vulnerable to the virus, the American College of Emergency Physicians said.",U.S.,The New York Times,https://www.nytimes.com/2020/03/15/us/coronavirus-physicians-emergency-rooms.html,431
45,"The city’s West End theater district, Royal Opera House and other premier venues closed Monday after the prime minister warned patrons to avoid the theater during the outbreak.",2020-03-16,London’s Cultural Landmarks Shutter Amid Coronavirus Threat,nyt://article/8d323d99-32f4-55a8-8434-736f85b60bee,"LONDON — Last week, the lights went out on Broadway. On Monday, London’s West End — the last global theater stronghold to remain open through the growing coronavirus pandemic — went dark.",Theater,The New York Times,https://www.nytimes.com/2020/03/16/theater/coronavirus-west-end-london.html,735
15,NYT Parenting readers shared their experiences.,2020-03-16,‘You’re Already Worried’: Navigating Coronavirus While Pregnant,nyt://article/5d45d4b3-1313-5d1e-a632-a74d9832f013,"Brittany Dickey, 33, remembers breastfeeding in a mask.",Parenting,The New York Times,https://www.nytimes.com/2020/03/16/parenting/pregnancy-anxiety-coronavirus.html,774
12,"The court said it would reschedule two weeks of arguments that had been set to start March 23, including major cases on President Trump’s financial records.",2020-03-16,Supreme Court Postpones Arguments Over Coronavirus,nyt://article/1b85bdc4-8e54-5d86-b1df-27eb77e1e081,WASHINGTON — The Supreme Court announced Monday that it would postpone its next argument session “in keeping with public health precautions.”,U.S.,The New York Times,https://www.nytimes.com/2020/03/16/us/supreme-court-coronavirus.html,651
72,How the best- and worst-case scenarios compare with other common killers.,2020-03-16,Could Coronavirus Cause as Many Deaths as Cancer in the U.S.? Putting Estimates in Context,nyt://interactive/0e374f0f-7489-55dc-bc2a-58b323b6b4d2,How the best- and worst-case scenarios compare with other common killers.,The Upshot,The New York Times,https://www.nytimes.com/interactive/2020/03/16/upshot/coronavirus-best-worst-death-toll-scenario.html,0
13,Experts offer advice on how to make the best possible decision for you and your family.,2020-03-17,Coronavirus Is Spreading. Should You Cancel Your Vacation?,nyt://article/faf0138e-e9d6-5892-912c-37895e7d0c54,"With summer fast approaching, many families are wondering just how long coronavirus will remain at the center of our lives. The outbreak has sickened people worldwide and killed thousands, adding a new layer of anxiety when thinking about potential travel plans.",Parenting,The New York Times,https://www.nytimes.com/2020/03/17/parenting/coronavirus-family-travel-advisory.html,2019
74,Lawmakers and policy experts say a paid-leave program that passed the House would still discourage some virus-stricken workers from staying home.,2020-03-17,Congress Is Knitting a Coronavirus Safety Net. It Already Has Big Holes.,nyt://article/37d35e06-43a7-5a8b-839a-49445c30655e,"WASHINGTON — In an effort to slow the spread of coronavirus and limit its damage to the economy, congressional leaders and President Trump are stitching together a new safety net for workers who contract the coronavirus or lose their jobs because of it.",U.S.,The New York Times,https://www.nytimes.com/2020/03/17/us/politics/congress-coronavirus-economy.html,1144
47,Fears are growing about what happens if community transmission takes off in the crowded areas of the world’s second-most-populous nation.,2020-03-17,"India Scrambles to Escape a Coronavirus Crisis. So Far, It’s Working.",nyt://article/4aacc9ba-33aa-56b5-943a-38e1bb3b242c,"NEW DELHI — Over the weekend in Lucknow, one of India’s bigger cities, young people packed into pubs. Despite the Indian government scrambling to lock things down, few on the bar scene were taking the coronavirus very seriously.",World,The New York Times,https://www.nytimes.com/2020/03/17/world/asia/india-coronavirus.html,1237
71,"The delay in containment efforts could prove dangerous, particularly in nations where the health care system can’t handle a major outbreak.",2020-03-17,"Having Brushed Off Coronavirus Threat, Southeast Asia Begins to Confront It",nyt://article/e21b41b6-621f-5b01-9760-9ed510d46105,"BANGKOK — For months, many Southeast Asian countries played down the threat posed by the new coronavirus. Some officials said that prayer would keep the disease away. Others expressed optimism that the tropical heat would slow the spread of the virus.",World,The New York Times,https://www.nytimes.com/2020/03/17/world/asia/coronavirus-southeast-asia.html,1041
11,A psychologist offers tips tailored to age.,2020-03-18,How to Talk to Your Child About the Coronavirus,nyt://article/22d8f91e-6dd0-5dda-a6d0-b84151931553,"Not long after New York City schools closed down this week to help stop the spread of coronavirus, a colleague called to tell me about a troubling conversation she overheard on the street: A boy of about 8 asked his mother if he could have a play date with a friend. The mother responded, “OK, but I’ll only pencil it in. In case, you know, the world ends.”",Opinion,The New York Times,https://www.nytimes.com/2020/03/18/opinion/coronavirus-children.html,1022
76,"The pandemic has clarified the dark bargain of our internet-connected devices: We look to them to protect our bodies and soothe our nerves, and in return, we hand over our minds.",2020-03-18,The Unending Anxiety of Coronavirus Content,nyt://article/6e11676c-4616-5743-8f8b-227fd504cd9f,"This past weekend, as coronavirus radiated across the country and sent Americans scurrying into their homes, Rosanne Cash tweeted: “Just a reminder that when Shakespeare was quarantined because of the plague, he wrote King Lear.”",Arts,The New York Times,https://www.nytimes.com/2020/03/18/arts/viral-content-coronavirus.html,1283
17,"The pop music contest, which has brought high camp into European homes annually since 1956, says it will come back in 2021.",2020-03-18,Eurovision Song Contest Is Canceled Over Coronavirus Concerns,nyt://article/796b5aa0-66a2-5e65-adfc-a53e22fd8448,"LONDON — The Eurovision Song Contest — Europe’s longest-running, most popular and perhaps its campiest talent competition — has been canceled because of the coronavirus pandemic.",Arts,The New York Times,https://www.nytimes.com/2020/03/18/arts/music/eurovision-canceled-coronavirus.html,536
10,"The Times has compiled more than two dozen pieces of journalism in “Answers to Your Coronavirus Questions,” which is available to download for free.",2020-03-18,Free E-Book: Answers to Your Coronavirus Questions,nyt://article/51e1744d-fb20-5d21-a7b0-cac70c8e26d9,"Covid-19 cases continue to be confirmed. By following some basic steps, you can help reduce your risk and do your part to protect others.",Health,The New York Times,https://www.nytimes.com/article/free-e-book-answers-to-your-coronavirus-questions.html,181
75,Researchers calculated a 1.4 percent likelihood of dying in the city where the pandemic began. Earlier estimates ranged from 2 percent to 3.4 percent.,2020-03-19,"Coronavirus Death Rate in Wuhan Is Lower than Previously Thought, Study Finds",nyt://article/9bf1f3b0-26ed-5219-9e5c-9458488708c5,A new study reports that people who became sick from the coronavirus in the Chinese city where the outbreak began likely had a lower death rate than previously thought.,Health,The New York Times,https://www.nytimes.com/2020/03/19/health/wuhan-coronavirus-deaths.html,510
78,Americans returning from Italy and Spain say border control officials didn’t screen them or tell them to isolate themselves.,2020-03-19,They Fled Coronavirus in Europe. Border Agents Asked if They’d Visited China or Iran.,nyt://article/c8c02a27-f2e7-5812-9eb8-a8afd90d2747,"When Pam Mundus and a friend landed in Milan for a weeklong vacation on Feb. 23, uniformed airport workers in face masks, attempting to contain the spread of the new coronavirus, took their temperatures.",Health,The New York Times,https://www.nytimes.com/2020/03/19/health/coronavirus-travel-ban.html,1445
44,Payton was tested on Monday after experiencing symptoms the day before.,2020-03-19,Saints Coach Sean Payton Is N.F.L.’s First Known Coronavirus Case,nyt://article/0ec4eae2-990f-5580-b809-05e67d6eaed2,"New Orleans Saints Coach Sean Payton is the first known member of the N.F.L. community to test positive for the coronavirus. Payton told ESPN on Thursday that his symptoms started on Sunday — the day after he attended the Rebel Stakes, a thoroughbred horse race at Oaklawn Park in Hot Springs, Ark. He said he was tested on Monday and received the results on Thursday.",Sports,The New York Times,https://www.nytimes.com/2020/03/19/sports/football/sean-payton-coronavirus-saints.html,322
48,"The use of the existing drugs against the new virus is unproven, and some shortages have already been reported.",2020-03-19,"With Minimal Evidence, Trump Asks F.D.A. to Study Malaria Drugs for Coronavirus",nyt://article/89ccc695-dfe0-5098-8a9f-16d302ec282d,"President Trump on Thursday exaggerated the potential of drugs available to treat the new coronavirus, including an experimental antiviral treatment and decades-old malaria remedies that hint of promise but so far show limited evidence of healing the sick.",Health,The New York Times,https://www.nytimes.com/2020/03/19/health/coronavirus-drugs-chloroquine.html,1023
41,The matriarch of the large New Jersey family died Wednesday night without ever knowing that her two oldest children had died before her.,2020-03-19,"Coronavirus Ravages 7 Members of a Single Family, Killing 4",nyt://article/32785b9e-7d44-5dd0-b2ce-551cb5f000ae,"Grace Fusco — mother of 11, grandmother of 27 — would sit in the same pew at church each Sunday, surrounded by nearly a dozen members of her sprawling Italian-American family. Sunday dinners drew an even larger crowd to her home in central New Jersey.",New York,The New York Times,https://www.nytimes.com/2020/03/18/nyregion/new-jersey-family-coronavirus.html,1096
19,"The event was scheduled for May 12 through 23, but organizers said that could not happen. It might be shifted to June or July.",2020-03-19,Cannes Film Festival Postponed Over Coronavirus Concerns,nyt://article/591af2e0-96ba-5582-b8e3-30cd4e1d3787,"The Cannes Film Festival has been postponed to reduce the spread of the coronavirus. The event, one of the world’s most important film festivals, was meant to run May 12-23, but organizers said in a statement on Thursday that could not happen.",Movies,The New York Times,https://www.nytimes.com/2020/03/19/movies/cannes-film-festival-coronavirus.html,477
42,"Once the virus was here, his response shocked me.",2020-03-20,My Ex and I Fought About Everything. Then Came the Coronavirus.,nyt://article/2e5fb59b-cd38-5835-8b8f-4b4cb198ff7e,"Nearly two months ago, when the new coronavirus was upending life in China, I felt for those living through this nightmare. As the news became more and more dire, I began worrying about the virus making its way to the United States. I cycled through anxieties about illness and quarantine, but my biggest fear was how my soon-to-be-ex-husband and I would handle this.",Parenting,The New York Times,https://www.nytimes.com/2020/03/20/parenting/coronavirus-divorce-coparenting.html,1197
16,"Senate Republicans introduced a roughly $1 trillion economic stabilization plan that includes $1,200 payments to many taxpayers, tax cuts for large corporations and limits on paid leave.",2020-03-20,5 Takeaways From the Coronavirus Economic Relief Package,nyt://article/3ccbfd96-10da-5b59-9d30-95693fde2ad9,UPDATE: Read our 5 takeaways on the $2 trillion stimulus that was passed.,U.S.,The New York Times,https://www.nytimes.com/2020/03/19/us/politics/1200-dollar-stimulus-check-coronavirus.html,628
49,Compare the number of deaths and the rate of increase over time in the places the virus has hit hardest so far.,2020-03-21,Coronavirus Deaths by U.S. State and Country Over Time: Daily Tracker,nyt://interactive/ac617f90-cbd1-5f17-abe4-db5bb065dce3,Compare the number of deaths and the rate of increase over time in the places the virus has hit hardest so far.,The Upshot,The New York Times,https://www.nytimes.com/interactive/2020/03/21/upshot/coronavirus-deaths-by-country.html,0
86,"The ministers were unable to reach an agreement on issuing joint bonds, known as “corona-bonds.” Critics say their €540 billion loan package does too little for Spain and Italy.",2020-04-09,E.U. Officials Agree to Deal to Soften Coronavirus’s Economic Blow,nyt://article/a7774dc7-4d5b-5bea-bba5-0fbe123153b9,This briefing has ended. Follow our live global coverage on the coronavirus epidemic.,World,The New York Times,https://www.nytimes.com/2020/04/09/world/coronavirus-news-international.html,5252
34,"Doctors, novelists and other writers are exploring, as quickly as they can, the pandemic’s impact on a country that was among its earliest victims.",2020-04-09,"In Italy, Coronavirus Books Rush to Publication",nyt://article/8d522859-6069-524c-bfa6-43d7063592ac,"MILAN — On Feb. 29, Paolo Giordano went to a dinner party in Rome. He didn’t shake hands or kiss anyone’s cheek, a serious breach in Italian etiquette.",Books,The New York Times,https://www.nytimes.com/2020/04/09/books/italy-coronavirus-paolo-giordano-roberto-burioni.html,842
80,"Taking an experimental drug can be worse than taking nothing at all, warns Dr. Andre Kalil: “You are treating emotion.”",2020-04-09,At the Center of a Storm: The Search for a Proven Coronavirus Treatment,nyt://article/2131fed1-1a31-5bad-8a3c-4248b50a2bca,"OMAHA — Beginning every morning at 5:30, Dr. Andre Kalil makes himself a double espresso, runs 10 kilometers, makes additional double espressos for himself and his wife, and heads to his office at the University of Nebraska Medical Center.",Health,The New York Times,https://www.nytimes.com/2020/04/09/health/coronavirus-remdesivir-kalil.html,1370
85,"Migrant workers have not only been victims of Covid-19, but spreaders, too, creating a new world of risk for a vulnerable population.",2020-04-10,Coronavirus Finds Fuel in a World of Migrants,nyt://article/afeee3fb-9897-528a-a7c3-8651e3d12b2b,"BANGKOK — His whole family back in Myanmar depended on him. But Ko Zaw Win Tun, one of an estimated four million migrant workers in Thailand, lost his job at a Bangkok toy store when the city went into a coronavirus lockdown.",World,The New York Times,https://www.nytimes.com/2020/04/10/world/asia/coronavirus-migrants.html,1169
37,"The death came as Navy officials continued to struggle to combat the infection that has crippled the nuclear-powered Theodore Roosevelt, now docked in Guam.",2020-04-13,"Sailor on Roosevelt, Whose Captain Pleaded for Help, Dies From Coronavirus",nyt://article/e64cf758-4b4c-5a3c-a040-5e9516867590,"WASHINGTON — A crew member from the aircraft carrier Theodore Roosevelt who had the novel coronavirus died on Monday, in a poignant punctuation to the plea from the ship’s captain two weeks ago for help from the Navy because “sailors don’t need to die.”",U.S.,The New York Times,https://www.nytimes.com/2020/04/13/us/politics/roosevelt-sailor-dies-coronavirus.html,841
87,"The Spanish soccer club pared back team activities well before authorities in Spain banned mass gatherings, and faced much criticism for it.",2020-04-14,"Valencia Took Swift Action on Coronavirus, Then Took a Lot of Heat",nyt://article/f2339923-bf61-54a2-a5a7-39e6230465f1,"LONDON — Anil Murthy had already been facing a barrage of criticism. But as a former diplomat for Singapore, Murthy, the president of Valencia, a top soccer team in Spain, was ready for most of the barbs directed his way for imposing restrictions on access to the club’s players.",Sports,The New York Times,https://www.nytimes.com/2020/04/14/sports/soccer/coronavirus-soccer-valencia.html,1155
39,"New York deaths spike as the state releases a revised count, and California explores steps toward reopening. Trump announces his “opening the country” council.",2020-04-14,Coronavirus Updates: Trump Halts U.S. Funding of World Health Organization,nyt://article/84b5cc0f-6f7d-5db3-b8a8-e2de3b9411d5,This briefing has ended. Follow our latest coverage of the coronavirus epidemic.,U.S.,The New York Times,https://www.nytimes.com/2020/04/14/us/coronavirus-updates.html,6437
27,The Miami police chief promised an investigation after a video showed Dr. Armen Henderson being handcuffed outside his home on Friday.,2020-04-14,Police Handcuff Black Doctor Who Tests Homeless for Coronavirus,nyt://article/cb70fb75-ccb2-51a8-8b88-6ec838233771,MIAMI — The soundless video shows a man wearing a protective mask picking up bags and boxes outside a white van when a Miami police officer pulls up.,U.S.,The New York Times,https://www.nytimes.com/2020/04/14/us/armen-henderson-arrested-homeless-coronavirus-testing.html,740
84,A network of health centers formed by the Soviet Union in the 1920s is providing expertise in quarantines and epidemic response for Covid-19.,2020-04-15,How Bubonic Plague Has Helped Russia Fight the Coronavirus,nyt://article/c0b65c21-2e87-5480-afce-823f00f16140,"MOSCOW — In a remote alpine meadow in Kyrgyzstan a few years ago, a teenage boy killed and skinned a marmot. Five days later, his parents carried the sweating, delirious boy to a village hospital where he died of bubonic plague.",World,The New York Times,https://www.nytimes.com/2020/04/15/world/europe/coronavirus-plague-russia-soviet-union.html,947
26,"As bleak a milestone in the pandemic as the new figures are, unconfirmed cases are believed to be far higher. More than 130,000 people have died from Covid-19.",2020-04-15,Worldwide Confirmed Coronavirus Cases Top 2 Million,nyt://article/c3ae38cc-a7a7-5768-b0b4-d3d610d88e1c,"The coronavirus pandemic passed 2 million confirmed infections and 130,000 deaths worldwide on Wednesday — bleak markers that experts say vastly understate the true spread and toll of the contagion because of a lack of testing.",World,The New York Times,https://www.nytimes.com/2020/04/15/world/coronavirus-cases-world.html,6052
29,Once-fringe ideas in economic theory are now nearly official policy as government borrowing surges and the Federal Reserve signals it could buy unlimited debt.,2020-04-15,How the Government Pulls Coronavirus Relief Money Out of Thin Air,nyt://article/0d8d33dd-aec2-597f-ac85-8f7b6a55ad9c,The United States has responded to the economic havoc wrought by the coronavirus with the biggest relief package in its history: $2 trillion. It essentially replaces a few months of American economic activity with a flood of government money — every penny of it borrowed.,Business Day,The New York Times,https://www.nytimes.com/2020/04/15/business/coronavirus-stimulus-money.html,1266
35,A New York City doctor on sending her children away while she treats patients in the U.S. epicenter of the pandemic.,2020-04-15,Fighting Coronavirus Means I Haven’t Seen My Kids for a Month,nyt://article/998ae451-c7b0-5770-9ce0-ad6ea4a3f5a7,"It’s been four weeks since I’ve seen my kids, and I’m starting to miss them.",Parenting,The New York Times,https://www.nytimes.com/2020/04/15/parenting/coronavirus-doctor-family.html,1057
88,"Facing a global scramble for materials, British officials bought millions of unproven kits from China in a gamble that became an embarrassment.",2020-04-16,U.K. Paid $20 Million for New Coronavirus Tests. They Didn’t Work.,nyt://article/ea4cd39e-5df8-5d6a-ad76-5353f228c1c4,"LONDON — The two Chinese companies were offering a risky proposition: two million home test kits said to detect antibodies for the coronavirus for at least $20 million, take it or leave it.",World,The New York Times,https://www.nytimes.com/2020/04/16/world/europe/coronavirus-antibody-test-uk.html,1655
23,"Singapore reported a sharp increase in new infections, many of them among migrant laborers. At a long-term care home in Montreal, two nurses, 150 beds and 31 deaths.",2020-04-16,"Britain’s Coronavirus Lockdown Is Extended, and Putin Postpones Military Parade",nyt://article/1506e5b1-aabd-5d8b-a355-c6011662ad45,Read the latest developments in the coronavirus outbreak here.,World,The New York Times,https://www.nytimes.com/2020/04/16/world/coronavirus-news-updates.html,5865
22,"No country is really sure how many people it has lost to the pandemic. But in Spain, it has become bitterly political.",2020-04-16,Counting Bodies and Pointing Fingers as Spain Tallies Coronavirus Dead,nyt://article/e25883be-bdfb-519c-bb2f-a789b0bbe51a,MADRID — Spain is recounting its dead.,World,The New York Times,https://www.nytimes.com/2020/04/16/world/europe/coronoavirus-spain-death-toll.html,1210
21,The billionaire philanthropist is directing $37 million of the funds to programs to help at-risk populations in New York City.,2020-04-16,George Soros’s Foundation Pledges $130 Million in Coronavirus Relief,nyt://article/234d4d00-d182-5d42-b57b-e0281d27e9b1,"George Soros, the billionaire philanthropist and liberal financier, is directing more than $130 million through his foundation to combat the effects of the coronavirus, with $37 million aimed to help at-risk populations in New York City, including undocumented families and low-wage workers.",New York,The New York Times,https://www.nytimes.com/2020/04/16/nyregion/george-soros-foundation-coronavirus.html,640
33,"Nearly 150,000 people with the virus have died. A dispute over coronavirus measures in Sudan’s capital has prompted fears that the military would use a lockdown to seize power.",2020-04-17,W.H.O. Failed to Tell Syrian Kurds of Their First Coronavirus Death: Live Coverage,nyt://article/3963ca82-f35b-538b-a6c9-bcb603abc249,新冠病毒疫情最新消息,World,The New York Times,https://www.nytimes.com/2020/04/17/world/coronavirus-news-updates.html,6193
36,Iran lifts Tehran’s lockdown. Hong Kong arrests pro-democracy figures even as it fights the virus.,2020-04-18,Germany Starts Broad Antibody Testing to Assess Spread of Coronavirus; Israel Relaxes Restrictions,nyt://article/d85c70f0-775a-5640-b9c8-62d73bc5ba25,,World,The New York Times,https://www.nytimes.com/2020/04/18/world/coronavirus-cases-tracker.html,5240
82,Fallout from the agency’s failed rollout of national coronavirus kits two months ago continues to haunt U.S. efforts to combat the spread of the highly infectious virus.,2020-04-18,"C.D.C. Labs Were Contaminated, Delaying Coronavirus Testing, Officials Say",nyt://article/7f1f09c4-cd42-5ceb-9da7-dcead547a6ac,"Sloppy laboratory practices at the Centers for Disease Control and Prevention caused contamination that rendered the nation’s first coronavirus tests ineffective, federal officials confirmed on Saturday.",Health,The New York Times,https://www.nytimes.com/2020/04/18/health/cdc-coronavirus-lab-contamination-testing.html,849
89,"The strictest lockdown measures in Europe have left countless children bored, exhausted and sometimes depressed.",2020-04-18,"In Spain, a Call to ‘Free Our Children’ From Coronavirus Confinement",nyt://article/af9eb11f-7b07-56a7-a7f0-c085deb0cd24,"BARCELONA, Spain — For five weeks, Lia Aparicio Cenador hasn’t been outside once.",World,The New York Times,https://www.nytimes.com/2020/04/18/world/europe/spain-children-lockdown-coronavirus.html,1337
31,Buckingham Palace said the queen had also instructed that flags not be flown in her honor unless it was done while observing social distancing.,2020-04-18,Coronavirus Halts Another U.K. Ritual: Birthday Gun Salute for Queen,nyt://article/54644b06-5519-5d17-8fb2-52349d7104d7,"LONDON — When Queen Elizabeth II turns 94 on Tuesday, for the first time in her nearly seven-decade reign her birthday will not be marked by a gun salute — another longstanding ritual lost to the grim siege of the coronavirus.",World,The New York Times,https://www.nytimes.com/2020/04/18/world/europe/queen-elizabeth-birthday-coronavirus.html,594
20,The pandemic has reached Afghanistan’s presidential palace. Volunteers are stoking divisions as they tighten India’s lockdown.,2020-04-19,Chile to Issue Coronavirus ‘Immunity Cards’ to Those Who Recover,nyt://article/df1a5613-63c5-57ec-b1c7-5ef34c7e75bc,"Volunteer virus patrol squads are popping up across India. Neighborhoods are imposing extra rules and sealing themselves off. In rural areas, some carry sticks, sickles and pockets full of nails for puncturing the tires of cars they deem suspicious.",World,The New York Times,https://www.nytimes.com/2020/04/19/world/coronavirus-news.html,5502
30,Volunteers set up their own roadblocks. Neighborhoods set their own limits. The efforts could help the fractious country battle the outbreak but risk also stoking divisions and xenophobia.,2020-04-19,"Powered by Fear, Indians Embrace Coronavirus Lockdown",nyt://article/00ce5b8f-2167-5613-88f3-ef6b5b9cf3ac,"BHOND, India — On the long, straight road into the farming village of Bhond, past fields of tomatoes, eggplant and rust-colored wheat, stood a police barricade, an incongruous sight for a settlement so small and remote.",World,The New York Times,https://www.nytimes.com/2020/04/19/world/asia/india-coronavirus-lockdown.html,1305
28,An acclaimed young ensemble was making a fragile but sustainable living. Then the bottom dropped out.,2020-04-19,A String Quartet Is Crushed by the Coronavirus,nyt://article/5c78bf84-f12b-500b-9b95-dd99c0eea71a,"Since its formation in 2008, the Tesla Quartet has been showered with critical accolades, released two recordings, hired a manager and lined up a full schedule at major concert halls around the world.",Arts,The New York Times,https://www.nytimes.com/2020/04/19/arts/music/string-quartet-coronavirus.html,1294
32,"Lady Gaga, the Rolling Stones, Billie Eilish and more took over the major networks for a Global Citizen event celebrating essential workers and supporting the World Health Organization.",2020-04-19,Pop Music Faces the Coronavirus in Prime Time,nyt://article/516d99fd-1fff-55df-a392-54a1e266f9f1,"Songs called for inspiration, empathy and perseverance on “One World: Together at Home,” the prime-time special produced by Global Citizen that was broadcast Saturday night on CBS, NBC and ABC and online. Stephen Colbert, Jimmy Fallon and Jimmy Kimmel, late-night representatives from each network, were the hosts, toggling awkwardly between deadpan comedy and earnestness. Lady Gaga helped select the musical lineup, which included Billie Eilish, Lizzo, Taylor Swift, Stevie Wonder, Paul McCartney, Camila Cabello and Shawn Mendes, the Rolling Stones, Elton John and more — many more, since there was also a six-hour webcast before the televised broadcast.",Arts,The New York Times,https://www.nytimes.com/2020/04/19/arts/music/lady-gaga-coronavirus-concert-one-world.html,854
81,"Unemployment has skyrocketed, but so has the size of the city’s volunteer pool and the number of people fostering animals. One month into the shutdown, the city is as complex as it ever was.",2020-04-20,11 Numbers That Show How the Coronavirus Has Changed N.Y.C.,nyt://article/02d0e83c-29d4-5c8c-ab16-e65079eb2f89,New York City has never looked so unlike itself. Deserted streets and vacant stores. Essential workers taking to lonely subways. Mandatory face coverings.,New York,The New York Times,https://www.nytimes.com/2020/04/20/nyregion/coronavirus-nyc-numbers-unemployment.html,1277
83,"Istanbul recorded 2,100 more deaths over recent years between March and April, The Times found, suggesting a hidden toll.",2020-04-20,Istanbul Death Toll Hints Turkey Is Hiding a Wider Coronavirus Calamity,nyt://article/77b3a866-3538-5713-a272-11d5447eacca,"ISTANBUL — For weeks President Recep Tayyip Erdogan has presented Turkey’s performance in handling the coronavirus as one of the world’s most successful, as he maintained strict control over information about the outbreak.",World,The New York Times,https://www.nytimes.com/2020/04/20/world/middleeast/coronavirus-turkey-deaths.html,1491
24,"Singapore, an early success story, is having a surge in cases, while European countries start to ease restrictions. Oil prices nosedived as a worldwide surplus grew.",2020-04-20,Coronavirus Death Toll Soars in Turkey; W.H.O. Warns of Vaccine Roadblock,nyt://article/2415afa7-c111-535a-88f7-6789155b01eb,,World,The New York Times,https://www.nytimes.com/2020/04/20/world/coronavirus-cases-news.html,5993
25,A 60-day pause in immigration will not apply to guest workers. The Senate passed a $484 billion aid package.,2020-04-21,California Announces Early Coronavirus Deaths; Trump Narrows Immigration Ban,nyt://article/a761c29d-c40e-5573-8dee-d74fc68a78a6,This briefing has ended. Read the latest developments in the coronavirus pandemic here.,U.S.,The New York Times,https://www.nytimes.com/2020/04/21/us/coronavirus-live-news-updates.html,5473
38,"In southern Italy, the pandemic is choking an already fragile economy. Protests erupt in Lebanon.",2020-04-21,Coronavirus World Updates: U.N. Warns World Hunger Could Double as Global Economy Crashes,nyt://article/10a2c7cc-4f37-58b2-ad3d-b3186f57ca08,"In Italy, the pandemic hit the wealthy north first and hardest, but the poorer south is also suffering deeply, amid fears that things there could get much worse.",World,The New York Times,https://www.nytimes.com/2020/04/21/world/coronavirus-cases-global.html,5685
